<?xml version="1.0" encoding="UTF-8"?>
<project-private xmlns="http://www.netbeans.org/ns/project-private/1">
    <editor-bookmarks xmlns="http://www.netbeans.org/ns/editor-bookmarks/2" lastBookmarkId="0"/>
    <open-files xmlns="http://www.netbeans.org/ns/projectui-open-files/2">
        <group name="2nd Sem">
            <file>file:/C:/Users/Yomama/Documents/NetBeansProjects/NotesPasswordManager/src/notespasswordmanager/NotesPasswordManager.java</file>
            <file>file:/C:/Users/Yomama/Documents/NetBeansProjects/NotesPasswordManager/src/notespasswordmanager/SettingsPanel.java</file>
            <file>file:/C:/Users/Yomama/Documents/NetBeansProjects/NotesPasswordManager/src/notespasswordmanager/PanelFrame.java</file>
            <file>file:/C:/Users/Yomama/Documents/NetBeansProjects/NotesPasswordManager/src/notespasswordmanager/MainFrame.java</file>
            <file>file:/C:/Users/Yomama/Documents/NetBeansProjects/NotesPasswordManager/src/notespasswordmanager/PasswordPanel.java</file>
        </group>
    </open-files>
</project-private>
